{"0.500000:12.500000": [-105.0, -105.0, -105.0, -23.0, -125.0, -125.0], "0.500000:16.500000": [-105.0, -105.0, -105.0, -125.0, -125.0, -23.0], "-0.500000:2.500000": [-105.0, -105.0, -105.0, -23.0, -125.0, -125.0], "2.500000:18.500000": [-105.0, -105.0, -105.0, -23.0, -125.0, -125.0], "-0.500000:1.500000": [-3.0, -105.0, -105.0, -125.0, -125.0, -125.0], "-0.500000:8.500000": [-105.0, -5.0, -3.0, -125.0, -125.0, -125.0], "0.500000:8.500000": [-105.0, -105.0, -105.0, -23.0, -25.0, -125.0], "-1.500000:8.500000": [-105.0, -105.0, -3.0, -125.0, -125.0, -23.0], "2.500000:20.500000": [0, 0, 0, 975.0, 0, 0], "0.500000:10.500000": [-105.0, -105.0, -105.0, -23.0, -125.0, -125.0], "-0.500000:4.500000": [-105.0, -3.0, -105.0, -125.0, -125.0, -125.0], "-1.500000:6.500000": [-105.0, -105.0, -105.0, -23.0, -125.0, -125.0], "2.500000:16.500000": [-105.0, -105.0, -105.0, -23.0, -25.0, -125.0], "0.500000:14.500000": [-105.0, -105.0, -105.0, -23.0, -125.0, -125.0], "-1.500000:4.500000": [-105.0, -105.0, -105.0, -23.0, -125.0, -125.0]}